{
  "project_info": {
    "project_number": "186359631535",
    "project_id": "inventoryapp-53582",
    "storage_bucket": "inventoryapp-53582.firebasestorage.app"
  },
  "client": [
    {
      "client_info": {
        "mobilesdk_app_id": "1:186359631535:android:9114d117b387daa4a5ce5a",
        "android_client_info": {
          "package_name": "com.example.inventoryapp"
        }
      },
      "oauth_client": [],
      "api_key": [
        {
          "current_key": "AIzaSyBEaP1t_9i9xXsNVoL4KCN15WJTdOHmwqw"
        }
      ],
      "services": {
        "appinvite_service": {
          "other_platform_oauth_client": []
        }
      }
    }
  ],
  "configuration_version": "1"
}